Ticker,Date,Revenue,EBITDA,NetIncome,TotalAssets,CommonEquity,EPS,ROA,ROE,LogAssets
BAC,2021-12-30,9994.0,7827.0,12.38,3169495.0,198844.0,0.82,3.9059850228506435e-06,6.225986200237372e-05,14.969082827169224
BAC,2022-03-30,10683.0,7985.0,12.1,3238223.0,195495.0,0.8,3.736617274350778e-06,6.189416609120438e-05,14.990535280520948
BAC,2022-06-29,9673.0,7390.0,10.76,3111606.0,197996.0,0.73,3.4580213561742712e-06,5.4344532212771975e-05,14.950649549581312
BAC,2022-09-29,9523.0,8808.0,10.58,3072953.0,198402.0,0.81,3.44294234243088e-06,5.332607534198244e-05,14.938149546495172
BAC,2022-12-30,9129.0,7986.0,10.61,3051375.0,202075.0,0.85,3.4771209700544835e-06,5.2505257948781394e-05,14.931102866667068
BAC,2023-03-30,10909.0,9178.0,11.02,3194657.0,209074.0,0.94,3.449509603065368e-06,5.270861034848905e-05,14.976990284788219
BAC,2023-06-29,10014.0,8310.0,11.41,3123198.0,212298.0,0.88,3.653306642742471e-06,5.374520720873489e-05,14.954368034831854
BAC,2023-09-29,9784.0,8171.0,11.59,3153090.0,216043.0,0.9,3.6757593344940994e-06,5.3646727734756504e-05,14.963893482363396
BAC,2023-12-30,7327.0,9489.0,9.71,3180151.0,220625.0,0.33,3.053314135083523e-06,4.401133144475921e-05,14.972439237905746
BAC,2024-03-30,10748.0,8059.0,8.95,3273803.0,222531.0,0.76,2.733823629583087e-06,4.021911553895861e-05,15.001462864058274
BAC,2024-06-29,10504.0,7613.0,8.66,3257996.0,222871.0,0.83,2.6580757005226527e-06,3.885655827810707e-05,14.99662284039629
BAC,2024-09-29,10613.0,7362.0,8.19,3324293.0,225591.0,0.81,2.46368175127764e-06,3.630463981275849e-05,15.016767577883845
BAC,2024-12-30,10162.0,12155.0,9.46,3261519.0,224538.0,0.8,2.900489005276376e-06,4.2130953335292915e-05,14.997703595741715
BAC,2025-03-30,11105.0,9672.0,9.7,3349424.0,224660.0,0.9,2.896020330659839e-06,4.3176355381465326e-05,15.024298948719315
BAC,2025-06-29,10803.0,7470.0,9.73,3441142.0,228678.0,0.89,2.827549691352464e-06,4.25489115699805e-05,15.05131395100168
BAC,2025-09-29,11713.0,9188.0,10.21,3403716.0,233231.0,1.05,2.9996627215666646e-06,4.377634190995194e-05,15.040378333937477
BAC,2025-12-30,10342.0,13135.0,10.57,3411738.0,232422.0,0.95,3.098127699137507e-06,4.54776226002702e-05,15.042732396837636
CITI,2021-12-30,6314.0,4064.0,11.43,2291413.0,176878.0,1.46,4.988188510757336e-06,6.462081208516604e-05,14.644679215813017
CITI,2022-03-30,8523.0,6009.0,9.51,2394105.0,173966.0,2.02,3.97225685590231e-06,5.466585424738167e-05,14.688520023787373
CITI,2022-06-29,8450.0,6749.0,8.66,2380904.0,175503.0,2.3,3.6372739094058393e-06,4.934388585950098e-05,14.682990805462543
CITI,2022-09-29,5395.0,3956.0,8.06,2381064.0,175306.0,1.63,3.3850413092634218e-06,4.597674922706582e-05,14.683058004570164
CITI,2022-12-30,4729.0,3216.0,7.63,2416676.0,177719.0,1.16,3.157229185873489e-06,4.293294470484304e-05,14.697903600224256
CITI,2023-03-30,7168.0,5334.0,7.76,2455113.0,184505.0,2.19,3.160750645693294e-06,4.205848079997832e-05,14.713683346664716
CITI,2023-06-29,5612.0,4191.0,6.69,2423675.0,184848.0,1.33,2.7602710759487145e-06,3.6191898208257595e-05,14.700795541274774
CITI,2023-09-29,5986.0,4556.0,6.66,2368477.0,185826.0,1.63,2.8119335758801965e-06,3.583997933550741e-05,14.677757690511376
CITI,2023-12-30,-607.0,613.0,4.24,2411834.0,181732.0,-1.14,1.7579982701960418e-06,2.3331058921928996e-05,14.695898011906936
CITI,2024-03-30,6647.0,5183.0,3.5,2432510.0,183018.0,1.58,1.438843005784149e-06,1.912380203040138e-05,14.704434204030763
CITI,2024-06-29,5892.0,4850.0,3.67,2405686.0,185214.0,1.52,1.5255523788225064e-06,1.9814916798946083e-05,14.693345659934304
CITI,2024-09-29,5784.0,4505.0,3.5,2430663.0,186090.0,1.51,1.4399363465852732e-06,1.880810360578215e-05,14.703674617608975
CITI,2024-12-30,4964.0,4384.0,6.05,2352945.0,185572.0,1.34,2.5712458217255398e-06,3.2601901148880216e-05,14.671178293020674
CITI,2025-03-30,6706.0,5546.0,6.35,2571514.0,189406.0,1.96,2.4693624067378206e-06,3.352586507291216e-05,14.760005388475502
CITI,2025-06-29,5720.0,5491.0,6.67,2622772.0,189843.0,1.96,2.543110876584011e-06,3.513429518075462e-05,14.779742331700769
CITI,2025-09-29,6063.0,6131.0,6.95,2642475.0,190421.0,1.86,2.6301100294231733e-06,3.6498075317323194e-05,14.787226535943839
CITI,2025-12-30,3262.0,3843.0,6.8,2657202.0,190440.0,1.19,2.559082824715622e-06,3.570678428901491e-05,14.792784247444926
JPM,2021-12-30,15656.0,12794.0,18.29,3743567.0,237436.0,3.33,4.8857146138963184e-06,7.703128421974763e-05,15.135549458182043
JPM,2022-03-30,16845.0,10182.0,16.13,3954687.0,227414.0,2.63,4.07870458521749e-06,7.092791121039161e-05,15.190412015723432
JPM,2022-06-29,15587.0,10938.0,14.68,3841314.0,226783.0,2.76,3.8216089598507175e-06,6.473148340043124e-05,15.161325053531119
JPM,2022-09-29,15198.0,12048.0,13.8,3773884.0,227212.0,3.12,3.6567101691519933e-06,6.0736228720314074e-05,15.143615267819282
JPM,2022-12-30,14355.0,13264.0,13.69,3665743.0,231473.0,3.57,3.734577137568018e-06,5.9142966998310816e-05,15.1145416012692
JPM,2023-03-30,17299.0,15804.0,15.22,3744305.0,240992.0,4.1,4.064839803381402e-06,6.315562342318417e-05,15.135746576936848
JPM,2023-06-29,16816.0,15893.0,17.11,3868240.0,248278.0,4.75,4.423200215084896e-06,6.891468434577369e-05,15.168310181200255
JPM,2023-09-29,17048.0,17542.0,18.16,3898333.0,252461.0,4.33,4.658401424403713e-06,7.193190235323476e-05,15.176059583825676
JPM,2023-12-30,14560.0,14655.0,16.89,3875393.0,263497.0,3.04,4.358267664724584e-06,6.409940151121265e-05,15.170157634981829
JPM,2024-03-30,18852.0,18176.0,16.66,4090727.0,272263.0,4.44,4.07262572154045e-06,6.119083386284585e-05,15.224233262834463
JPM,2024-06-29,19345.0,16880.0,17.35,4143003.0,276027.0,6.12,4.187783595618927e-06,6.28561698674405e-05,15.236931445172239
JPM,2024-09-29,19249.0,17379.0,16.96,4210048.0,281381.0,4.37,4.028457632787085e-06,6.027414786357288e-05,15.252984607018746
JPM,2024-12-30,19418.0,17773.0,18.19,4002814.0,280198.0,4.81,4.544303082781264e-06,6.491837914617521e-05,15.202508171744036
JPM,2025-03-30,21449.0,18264.0,18.25,4357856.0,286895.0,5.07,4.187839157604106e-06,6.361212290210704e-05,15.287490751260652
JPM,2025-06-29,21663.0,18362.0,16.88,4552482.0,292459.0,5.24,3.707867488548005e-06,5.771749202452309e-05,15.331183136704585
JPM,2025-09-29,22461.0,18919.0,17.06,4560205.0,295770.0,5.07,3.741059886562117e-06,5.767995401832505e-05,15.332878136620423
JPM,2025-12-30,20803.0,17546.0,16.69,4424900.0,297980.0,4.63,3.7718366516757444e-06,5.601047050137594e-05,15.302758237298752
LRCX,2021-06-26,4145.18,1315.93,69.8,15892.15,82.99,0.8,0.004392105536381169,0.841065188576937,9.673580555601246
LRCX,2021-09-25,4304.47,1372.23,75.89,15565.55,85.83,0.83,0.004875510341748284,0.8841896772690202,9.652815417940463
LRCX,2021-12-25,4226.6,1338.14,76.64,16685.43,77.12,0.84,0.004593228942856132,0.9937759336099584,9.722291162504575
LRCX,2022-03-26,4060.42,1192.1,79.68,16589.03,83.11,0.73,0.004803174145805994,0.9587293947780051,9.716496912517911
LRCX,2022-06-25,4635.55,1479.35,74.85,17195.63,79.73,0.87,0.0043528501136625986,0.9387934278188886,9.752410560752912
LRCX,2022-09-24,5074.12,1697.84,73.33,18721.28,67.5,1.04,0.003916933030220156,1.0863703703703704,9.837416123762422
LRCX,2022-12-24,5277.57,1680.16,69.35,19206.38,60.25,1.08,0.0036107793347835452,1.1510373443983402,9.86299779448589
LRCX,2023-03-25,3869.57,1049.38,68.14,19243.36,59.54,0.6,0.00354096166158093,1.1444407121263016,9.864921345147213
LRCX,2023-06-24,3207.26,867.79,62.27,18781.64,61.04,0.6,0.0033154719183202323,1.0201507208387943,9.840635075893035
LRCX,2023-09-23,3482.06,1032.99,51.39,18538.46,61.94,0.67,0.002772074918844392,0.8296738779463998,9.8276027720237
LRCX,2023-12-23,3758.26,1073.86,41.85,18783.85,60.61,0.72,0.002227977757488481,0.6904801187922786,9.840752737076347
LRCX,2024-03-30,3793.56,1087.56,43.95,18279.65,62.12,0.73,0.002404312992863649,0.7075016097875081,9.813543698216527
LRCX,2024-06-29,3871.51,1131.07,45.71,18744.73,58.36,0.78,0.002438552062366329,0.7832419465387251,9.838667925225252
LRCX,2024-09-28,4167.98,1264.2,49.12,19532.49,58.83,0.86,0.0025147843413717346,0.8349481557028726,9.879834511903534
LRCX,2024-12-28,4376.05,1333.88,50.42,19839.92,56.57,0.92,0.0025413408925035992,0.8912851334629662,9.895451348572669
LRCX,2025-03-29,4720.18,1561.76,53.14,19968.31,47.15,1.03,0.0026612166978577556,1.1270413573700955,9.901901795888389
LRCX,2025-06-28,5171.39,1741.13,58.24,21345.26,45.47,1.35,0.0027284746121621385,1.2808445128656258,9.96858497995648
LRCX,2025-09-27,5324.17,1829.09,62.26,21900.21,43.99,1.24,0.0028428951137911464,1.4153216640145487,9.994251504799713
LRCX,2025-12-27,5344.79,1810.2,65.56,21391.17,44.19,1.26,0.0030648159965069705,1.483593573206608,9.970733499037769
MS,2021-12-30,5891.0,5030.0,,1188140.0,81405.0,2.01,,,13.987899617079382
MS,2022-03-30,5653.0,4773.0,14.59,1222233.0,79006.0,2.02,1.1937167463159643e-05,0.00018466951877072626,14.016190071569364
MS,2022-06-29,5254.0,3684.0,13.59,1173776.0,77859.0,1.39,1.1578018293098513e-05,0.00017454629522598543,13.975736460483983
MS,2022-09-29,5030.0,3531.0,12.62,1160029.0,77475.0,1.47,1.0879038368868364e-05,0.00016289125524362696,13.963955562770053
MS,2022-12-30,5121.0,2975.0,11.15,1180231.0,76961.0,1.26,9.447303112695735e-06,0.00014487857486259275,13.981220739994692
MS,2023-03-30,5086.0,3963.0,10.5,1199904.0,77827.0,1.71,8.750700056004481e-06,0.00013491461832012026,13.997752111558057
MS,2023-06-29,5032.0,3203.0,10.23,1164911.0,77387.0,1.24,8.781786763108941e-06,0.00013219274555157842,13.968155247213918
MS,2023-09-29,5274.0,3212.0,10.14,1169013.0,76255.0,1.38,8.673983950563425e-06,0.00013297488689266278,13.971670361008282
MS,2023-12-30,5286.0,2731.0,9.39,1193693.0,76220.0,0.85,7.866344194026437e-06,0.00012319601154552612,13.992562420945973
MS,2024-03-30,5575.0,4355.0,9.82,1228503.0,76504.0,2.02,7.993468473418462e-06,0.00012835930147443272,14.021306912942832
MS,2024-06-29,5612.0,4040.0,10.73,1212447.0,78124.0,1.83,8.849871375820964e-06,0.00013734575802570273,14.0081511894982
MS,2024-09-29,5997.0,4160.0,11.52,1258027.0,81316.0,1.88,9.157196149208244e-06,0.00014166953613065078,14.045055178651314
MS,2024-12-30,6269.0,4946.0,13.83,1215071.0,82269.0,2.22,1.1382050925419172e-05,0.00016810706341392263,14.010313069263448
MS,2025-03-30,6222.0,5482.0,14.6,1300296.0,84828.0,2.6,1.1228212653118982e-05,0.00017211298156269157,14.078102488821498
MS,2025-06-29,6190.0,4563.0,14.85,1353870.0,86351.0,2.13,1.0968556803829024e-05,0.00017197253071765236,14.118477716028089
MS,2025-09-29,6773.0,5960.0,16.04,1364806.0,88229.0,2.8,1.175258608183141e-05,0.00018179963504063288,14.126522851958423
MS,2025-12-30,7217.0,5840.0,16.53,1420270.0,89916.0,2.68,1.1638632091081275e-05,0.00018383824903243028,14.166357552348034
NVDA,2022-01-29,7643.0,3616.0,44.83,44187.0,41.13,0.12,0.0010145517912508203,1.0899586676391928,10.696185907157652
NVDA,2022-04-30,8288.0,3377.0,41.95,45212.0,41.59,0.06,0.0009278510130053968,1.0086559269055062,10.719117817310622
NVDA,2022-07-30,6704.0,674.0,34.41,43476.0,45.91,0.03,0.0007914711565001379,0.7495099106948377,10.679964340683078
NVDA,2022-10-29,5931.0,791.0,26.39,40488.0,51.29,0.03,0.0006517980636237898,0.5145252485864691,10.608760912893914
NVDA,2023-01-28,6051.0,1485.0,17.93,41182.0,49.56,0.06,0.00043538439123889076,0.36178369652945924,10.625756546668091
NVDA,2023-04-29,7192.0,2321.0,18.86,44460.0,44.67,0.08,0.00042420152946468734,0.42220729796283857,10.702345187518187
NVDA,2023-07-29,13507.0,6939.0,40.22,49555.0,35.29,0.25,0.000811623448693371,1.1396996316236894,10.810838442840808
NVDA,2023-10-28,18120.0,10578.0,69.17,54148.0,29.18,0.37,0.0012774248356356651,2.3704592186429063,10.899476317305677
NVDA,2024-01-27,22103.0,13755.0,91.46,65728.0,22.59,0.49,0.0013914922103213242,4.048694112439132,11.09328029328823
NVDA,2024-04-27,26044.0,17049.0,115.66,77072.0,19.76,0.6,0.001500674693792817,5.853238866396761,11.252495328870001
NVDA,2024-07-27,30040.0,18786.0,123.77,85227.0,14.55,0.67,0.0014522393138324708,8.506529209621993,11.353073564023212
NVDA,2024-10-26,35082.0,22024.0,127.21,96013.0,12.84,0.78,0.001324924749773468,9.907320872274143,11.47223887794863
NVDA,2025-01-25,39331.0,24195.0,119.18,111601.0,10.67,0.89,0.001067911577853245,11.169634489222119,11.622685289462678
NVDA,2025-04-26,44062.0,21798.0,115.46,125254.0,10.1,0.76,0.0009218068884027656,11.431683168316832,11.738098954564908
NVDA,2025-07-26,46743.0,28541.0,109.42,140740.0,8.45,1.08,0.000777461986642035,12.949112426035505,11.85466949552054
NVDA,2025-10-25,57006.0,36097.0,107.36,161148.0,7.12,1.3,0.0006662198724154193,15.078651685393258,11.990078476369176
NVDA,2026-01-24,68127.0,44475.0,101.49,206803.0,5.38,1.76,0.0004907569039133862,18.864312267657994,12.239521928281015
RVIN,2021-12-30,54.0,-2454.0,,22294.0,6.28,-12.06,,,10.01207286294957
RVIN,2022-03-30,95.0,-1391.0,,21297.0,6.72,-1.77,,,9.966321496707495
RVIN,2022-06-29,364.0,-1595.0,-96.58,20171.0,7.28,-1.89,-0.004788062069307422,-13.266483516483516,9.912001208301334
RVIN,2022-09-29,536.0,-1379.0,-127.71,19023.0,8.01,-1.88,-0.006713452136886926,-15.9438202247191,9.853404052368141
RVIN,2022-12-30,663.0,-1909.0,-40.54,17876.0,8.92,-1.86,-0.0022678451555157753,-4.544843049327354,9.791214310053341
RVIN,2023-03-30,661.0,-1204.0,-41.98,18191.0,21.32,-1.45,-0.0023077345940300145,-1.9690431519699811,9.808682245262217
RVIN,2023-06-29,1121.0,-1294.0,-41.92,17227.0,23.2,-1.27,-0.00243338944679863,-1.806896551724138,9.75423319944637
RVIN,2023-09-29,1337.0,-1546.0,-43.52,16456.0,25.78,-1.44,-0.002644628099173554,-1.6881303335919318,9.708445431332793
RVIN,2023-12-30,1315.0,-1376.0,-47.36,16778.0,48.47,-1.58,-0.002822744069614972,-0.9770992366412213,9.72782378340624
RVIN,2024-03-30,1204.0,-1334.0,-53.14,15734.0,54.94,-1.48,-0.0033773992627431043,-0.9672369858026939,9.663579254889187
RVIN,2024-06-29,1158.0,-1472.0,-62.5,15354.0,81.05,-1.55,-0.004070600494985021,-0.7711289327575571,9.639131305387844
RVIN,2024-09-29,874.0,-1252.0,-67.16,14262.0,92.69,-1.08,-0.0047090169681671575,-0.7245657568238213,9.565353936588249
RVIN,2024-12-30,1734.0,-609.0,-60.48,15410.0,67.68,-0.7,-0.003924724205061648,-0.8936170212765956,9.642771928314161
RVIN,2025-03-30,1240.0,-655.0,-53.82,15505.0,71.32,-0.48,-0.003471138342470171,-0.7546270330902973,9.648917831534549
RVIN,2025-06-29,1303.0,-1114.0,-54.42,15597.0,72.97,-0.97,-0.0034891325254856704,-0.7457859394271619,9.654833867051826
RVIN,2025-09-29,1558.0,-983.0,-65.28,15217.0,87.29,-0.96,-0.004289938884142735,-0.7478519876274486,9.630168502920114
RVIN,2025-12-30,1286.0,-833.0,-65.55,14864.0,96.65,-0.66,-0.004409983853606028,-0.6782203828246248,9.606697461053619
SAN,2021-12-30,3032.0,4589.0,9.65,1595835.0,80469.0,0.13,6.0469910736385654e-06,0.00011992195752401546,14.282907668188807
SAN,2022-03-30,3271.0,4536.0,10.48,1666012.0,81928.0,0.15,6.290470896968329e-06,0.00012791719558636851,14.325943304564136
SAN,2022-06-29,3435.0,4075.0,10.68,1722840.0,79113.0,0.14,6.199066657379675e-06,0.0001349967767623526,14.35948464990974
SAN,2022-09-29,3418.0,4057.0,10.87,1815792.0,80523.0,0.14,5.986368482733705e-06,0.00013499248661873005,14.412032294138527
SAN,2022-12-30,3477.0,3988.0,10.91,1734659.0,78940.0,0.13,6.289420571997148e-06,0.00013820623258170762,14.366321410259484
SAN,2023-03-30,3767.0,4778.0,10.65,1749402.0,80610.0,0.16,6.087794572088062e-06,0.00013211760327502792,14.374784573216353
SAN,2023-06-29,3669.0,4686.0,10.88,1780493.0,82516.0,0.17,6.110667101752156e-06,0.0001318532163459208,14.39240085021232
SAN,2023-09-29,3785.0,4947.0,11.26,1816844.0,83262.0,0.18,6.197560164769237e-06,0.00013523576181211116,14.412611487886213
SAN,2023-12-30,3480.0,4062.0,12.0,1797062.0,84370.0,0.18,6.67756593818132e-06,0.00014223065070522698,14.401663667118209
SAN,2024-03-30,3863.0,5250.0,12.16,1800006.0,85115.0,0.18,6.755533037112098e-06,0.00014286553486459497,14.403300556194171
SAN,2024-06-29,3240.0,4647.0,11.96,1786261.0,84289.0,0.17,6.695550090384328e-06,0.00014189277367153484,14.395635166359806
SAN,2024-09-29,3732.0,5616.0,12.83,1802259.0,85986.0,0.21,7.118843629023354e-06,0.0001492103365664178,14.40455143601216
SAN,2024-12-30,3432.0,3535.0,11.68,1837081.0,88068.0,0.13,6.35791236205698e-06,0.00013262478993505017,14.423688456856087
SAN,2025-03-30,4056.0,5719.0,12.02,1845177.0,91364.0,0.23,6.514280201845134e-06,0.00013156166542620726,14.42808576581465
SAN,2025-06-29,3359.0,4554.0,12.18,1815888.0,91736.0,0.18,6.707462134228543e-06,0.00013277230313072294,14.412085162232644
SAN,2025-09-29,3804.0,5231.0,11.34,1840668.0,92627.0,0.21,6.160806837517683e-06,0.0001224265063102551,14.42563910717909
SAN,2025-12-30,4210.0,5238.0,12.45,1867515.0,95440.0,0.22,6.666613119573337e-06,0.00013044844928751046,14.440119228085367
SHEL,2021-12-30,85279.0,13413.0,12.28,404379.0,50.81,1.48,3.0367551232878065e-05,0.24168470773469788,12.910107835996724
SHEL,2022-03-30,84204.0,13653.0,12.69,424987.0,47.93,0.93,2.9859736886069457e-05,0.26476110995201335,12.95981385920343
SHEL,2022-06-29,100059.0,17760.0,20.18,447898.0,43.1,2.4,4.505490089261394e-05,0.4682134570765661,13.012320806902993
SHEL,2022-09-29,95749.0,9617.0,24.78,437358.0,43.1,0.92,5.66583896944837e-05,0.5749419953596288,12.988507360666528
SHEL,2022-12-30,101303.0,17807.0,23.35,443024.0,43.51,1.46,5.27059482104807e-05,0.5366582394851759,13.001379223632037
SHEL,2023-03-30,86959.0,14046.0,23.77,429154.0,43.54,1.25,5.5388042520866635e-05,0.5459347726228755,12.969571107853248
SHEL,2023-06-29,74578.0,7282.0,15.22,415033.0,43.92,0.46,3.667178272571097e-05,0.3465391621129326,12.93611331412373
SHEL,2023-09-29,76351.0,10957.0,15.51,413498.0,42.58,1.05,3.750925034703916e-05,0.3642555190230155,12.932407956674815
SHEL,2023-12-30,78732.0,6633.0,10.27,406270.0,43.29,0.07,2.527875550742117e-05,0.23723723723723722,12.91477324218352
SHEL,2024-03-30,72478.0,10211.0,9.48,402039.0,42.45,1.13,2.357980195951139e-05,0.223321554770318,12.904304377820887
SHEL,2024-06-29,74464.0,9959.0,9.79,394783.0,40.32,0.55,2.4798433569834564e-05,0.24280753968253965,12.886091525837262
SHEL,2024-09-29,71089.0,7411.0,8.26,394949.0,40.42,0.69,2.0914092705640473e-05,0.20435428005937653,12.886511921623288
SHEL,2024-12-30,66282.0,5753.0,8.82,387609.0,42.78,0.14,2.2754889592346926e-05,0.2061711079943899,12.867752378543415
SHEL,2025-03-30,69235.0,9471.0,7.4,389248.0,42.35,0.79,1.9011016113120686e-05,0.17473435655253838,12.871971951596981
SHEL,2025-06-29,65405.0,7219.0,7.42,387920.0,41.33,0.6,1.912765518663642e-05,0.1795306073070409,12.868554411779234
SHEL,2025-09-29,68152.0,7734.0,8.05,377738.0,41.6,0.9,2.1311067459456027e-05,0.1935096153846154,12.841956112588708
SHEL,2025-12-30,64093.0,6291.0,10.11,370350.0,43.15,0.71,2.7298501417577965e-05,0.23429895712630358,12.822203783441434
TSM,2021-12-30,15754.94,6571.5,29.65,134436.47,34.82,0.23,0.00022055027181240328,0.8515221137277427,11.808847024427969
TSM,2022-03-30,17556.2,7999.86,31.72,139462.67,35.21,0.28,0.00022744437633382463,0.900880431695541,11.845552245866363
TSM,2022-06-29,18166.83,8914.48,34.64,146268.89,36.43,0.31,0.0002368241120856253,0.9508646719736481,11.893201919146522
TSM,2022-09-29,20189.03,10218.08,38.08,146002.01,32.76,0.36,0.0002608183270901544,1.1623931623931625,11.891375667718995
TSM,2022-12-30,19968.73,10376.21,39.11,162369.72,30.09,0.36,0.00024087003414183383,1.2997673645729477,11.997631236123185
TSM,2023-03-30,16729.94,7605.88,37.11,165247.89,28.95,0.26,0.00022457170254942436,1.2818652849740932,12.015201989099888
TSM,2023-06-29,15669.47,6581.33,33.83,165423.4,29.57,0.23,0.00020450552944746632,1.1440649306729793,12.016263526776662
TSM,2023-09-29,17265.7,7202.24,30.43,170169.3,28.97,0.26,0.00017882191441111883,1.0503969623748706,12.044549102823497
TSM,2023-12-30,19670.63,8182.49,25.76,180313.25,27.53,0.29,0.00014286249069327963,0.9357065019978206,12.102450895121313
TSM,2024-03-30,18865.89,7927.1,25.43,181200.02,27.54,0.28,0.0001403421478651051,0.9233841684822077,12.107356782966285
TSM,2024-06-29,20832.41,8863.48,26.52,184050.09,26.92,0.3,0.00014409120908335333,0.9851411589895988,12.122963227804602
TSM,2024-09-29,23545.14,11181.23,28.3,194200.07,25.51,0.39,0.00014572600308537478,1.1093688749509996,12.176644195292438
TSM,2024-12-30,26857.91,13165.54,30.02,204115.85,24.29,0.45,0.0001470733409482899,1.2358995471387402,12.226443003793488
TSM,2025-03-30,25530.67,12383.67,32.17,214522.06,23.49,0.42,0.00014996126738667343,1.369518944231588,12.276167855884989
TSM,2025-06-29,30257.89,15016.43,33.3,240099.71,21.94,0.5,0.000138692379095335,1.5177757520510482,12.388809574378545
TSM,2025-09-29,33077.89,16730.26,34.81,241530.05,20.44,0.58,0.0001441228534503264,1.7030332681017613,12.394749174975736
TSM,2025-12-30,33712.24,18205.05,36.29,253184.31,19.57,0.63,0.00014333431641162914,1.8543689320388348,12.44187300050749
VLO,2021-12-30,35903.0,1594.0,4.96,57888.0,69.99,2.47,8.568269762299612e-05,0.0708672667523932,10.966265388195021
VLO,2022-03-30,38542.0,1384.0,13.82,60402.0,64.48,2.21,0.0002288003708486474,0.21433002481389576,11.008777495957478
VLO,2022-06-29,51641.0,6216.0,36.49,64345.0,56.66,11.57,0.0005670992307094569,0.6440169431697848,11.072014509927765
VLO,2022-09-29,44454.0,3792.0,47.68,59329.0,48.81,7.19,0.0008036541994640058,0.9768490063511575,10.990853504231156
VLO,2022-12-30,41746.0,4356.0,54.7,60982.0,45.68,8.14,0.0008969859958676331,1.1974605954465851,11.018334017642985
VLO,2023-03-30,36439.0,4043.0,62.29,60177.0,42.23,8.28,0.0010351130830716054,1.4750177598863368,11.005045498492807
VLO,2023-06-29,34509.0,2759.0,46.57,60667.0,40.45,5.41,0.0007676331448728304,1.1512978986402966,11.013155171881223
VLO,2023-09-29,38404.0,3503.0,44.73,63175.0,40.78,7.49,0.0007080332409972298,1.0968612064737615,11.053663932256395
VLO,2023-12-30,35414.0,1553.0,35.3,63056.0,40.4,3.58,0.0005598198426795229,0.8737623762376238,11.051778499434786
VLO,2024-03-30,31759.0,1679.0,27.41,62574.0,37.81,3.75,0.0004380413590309074,0.724940491933351,11.044105135349268
VLO,2024-06-29,34490.0,1221.0,23.13,63615.0,38.02,2.71,0.0003635934921009196,0.6083640189374013,11.060604570576801
VLO,2024-09-29,32876.0,507.0,14.37,60382.0,38.59,1.14,0.0002379848299162002,0.3723762632806426,11.008446326263101
VLO,2024-12-30,30756.0,348.0,10.86,60143.0,38.02,0.89,0.00018056964235239344,0.28563913729615986,11.004480338903296
VLO,2025-03-30,30258.0,231.0,3.73,59177.0,41.25,-1.9,6.303124524730892e-05,0.09042424242424242,10.988288231867655
VLO,2025-06-29,29889.0,997.0,3.07,59433.0,39.51,2.28,5.1654804569851766e-05,0.0777018476335105,10.992604906642436
VLO,2025-09-29,32168.0,1509.0,6.08,58615.0,39.56,3.53,0.00010372771474878444,0.153690596562184,10.978745915505929
VLO,2025-12-30,23652.0,1575.0,9.71,57988.0,39.91,3.73,0.00016744843760778093,0.2432974191931847,10.967991371570788
WFC,2021-12-30,10143.0,8847.0,12.58,1948068.0,156530.0,1.52,6.457680122049128e-06,8.036798057880279e-05,14.482348670172897
WFC,2022-03-30,7815.0,4669.0,12.34,1939709.0,146559.0,0.91,6.361779009119409e-06,8.419817274954114e-05,14.478048519788386
WFC,2022-06-29,6276.0,3598.0,10.48,1881142.0,144048.0,0.75,5.571083947942261e-06,7.27535266022437e-05,14.44738959719351
WFC,2022-09-29,7010.0,4476.0,9.68,1877745.0,142043.0,0.87,5.1551195716138235e-06,6.8148377603965e-05,14.44558214678343
WFC,2022-12-30,5496.0,2886.0,7.65,1881020.0,146408.0,0.75,4.066942403589542e-06,5.225124310146987e-05,14.447324740868853
WFC,2023-03-30,6813.0,5846.0,8.58,1886400.0,147958.0,1.23,4.548346055979644e-06,5.798942943267684e-05,14.450180808765243
WFC,2023-06-29,6958.0,5833.0,9.78,1876320.0,147287.0,1.25,5.212330519314402e-06,6.640097225145464e-05,14.444822969694892
WFC,2023-09-29,7371.0,6547.0,11.15,1909261.0,147541.0,1.48,5.839955878216755e-06,7.557221382530958e-05,14.462226814158678
WFC,2023-12-30,7145.0,3410.0,11.0,1932468.0,153760.0,0.86,5.6922029239294e-06,7.154006243496358e-05,14.474308500445037
WFC,2024-03-30,8399.0,5947.0,10.85,1959153.0,149146.0,1.2,5.538107539329496e-06,7.274750915210599e-05,14.488022794948924
WFC,2024-06-29,8388.0,6289.0,10.96,1940073.0,144853.0,1.33,5.649271960384996e-06,7.566291343638034e-05,14.478236159197543
WFC,2024-09-29,8564.0,6454.0,10.41,1922125.0,152260.0,1.42,5.415880861026208e-06,6.836989360304742e-05,14.468941902817994
WFC,2024-12-30,7831.0,4859.0,11.39,1929845.0,148047.0,1.43,5.90202840124466e-06,7.693502738995049e-05,14.472950246775147
WFC,2025-03-30,8764.0,5998.0,11.64,1950311.0,150595.0,1.39,5.9682789052617765e-06,7.72934028354195e-05,14.48349940500269
WFC,2025-06-29,8419.0,6487.0,12.01,1981269.0,149933.0,1.6,6.061771521181626e-06,8.010244575910573e-05,14.499248106467109
WFC,2025-09-29,9137.0,7172.0,12.13,2062926.0,150295.0,1.66,5.879997634427992e-06,8.070794104926977e-05,14.539635921317943
WFC,2025-12-30,8450.0,5209.0,12.48,2148631.0,150921.0,1.62,5.808349595626238e-06,8.269226946548194e-05,14.580341453110124
XOM,2021-12-30,81305.0,9872.0,14.11,338923.0,27.15,2.06,4.1631875086671605e-05,0.5197053406998159,12.73352822191963
XOM,2022-03-30,87734.0,10806.0,15.78,354771.0,26.93,1.28,4.447939656849066e-05,0.5859636093575937,12.779227789887575
XOM,2022-06-29,111265.0,21439.0,23.16,367774.0,25.41,4.22,6.297345652493107e-05,0.911452184179457,12.815223898060946
XOM,2022-09-29,106512.0,20999.0,29.89,370152.0,23.53,4.7,8.075061055998617e-05,1.2702932426689333,12.82166901107156
XOM,2022-12-30,93164.0,18444.0,30.64,369067.0,20.34,3.07,8.302015623179531e-05,1.5063913470993118,12.818733478356215
XOM,2023-03-30,83644.0,14581.0,33.52,369371.0,20.08,2.79,9.074886766963298e-05,1.669322709163347,12.819556837980649
XOM,2023-06-29,80795.0,10523.0,27.47,363248.0,20.05,1.94,7.562326564771176e-05,1.370074812967581,12.802841075567407
XOM,2023-09-29,88570.0,12411.0,21.31,372259.0,19.88,2.25,5.7245090111991916e-05,1.0719315895372232,12.82734512755419
XOM,2023-12-30,81688.0,9732.0,18.0,376317.0,19.56,1.89,4.783201396694808e-05,0.9202453987730062,12.838187152281792
XOM,2024-03-30,80411.0,10748.0,16.23,377918.0,18.98,2.06,4.2945824226419486e-05,0.8551106427818757,12.842432519851814
XOM,2024-06-29,89986.0,12192.0,14.61,460707.0,15.63,2.14,3.171212940111611e-05,0.9347408829174664,13.040517545078167
XOM,2024-09-29,87792.0,11752.0,14.38,461916.0,15.39,1.93,3.11312013439673e-05,0.9343729694606888,13.043138335351129
XOM,2024-12-30,81058.0,8983.0,14.37,453475.0,15.41,1.72,3.168862671591598e-05,0.9325113562621674,13.02469542022617
XOM,2025-03-30,81058.0,10436.0,14.17,451908.0,13.92,1.76,3.135593970454163e-05,1.0179597701149425,13.021233898274318
XOM,2025-06-29,79477.0,9388.0,11.67,447597.0,14.44,1.64,2.6072560808048312e-05,0.8081717451523546,13.011648552984576
XOM,2025-09-29,83331.0,9910.0,11.31,454340.0,15.67,1.76,2.4893251749790906e-05,0.7217613273771538,13.026601095417211
XOM,2025-12-30,80039.0,8928.0,11.0,448980.0,16.33,1.52,2.4499977727292975e-05,0.6736068585425597,13.01473362230246
